[{"model": "admin.logentry", "pk": 1, "fields": {"action_time": "2025-10-23T15:43:47.348Z", "user": 1, "content_type": 8, "object_id": "1", "object_repr": "Mini cuadro", "action_flag": 1, "change_message": "[{\"added\": {}}]"}}, {"model": "admin.logentry", "pk": 2, "fields": {"action_time": "2025-10-23T15:43:54.084Z", "user": 1, "content_type": 8, "object_id": "2", "object_repr": "Cuadro", "action_flag": 1, "change_message": "[{\"added\": {}}]"}}, {"model": "admin.logentry", "pk": 3, "fields": {"action_time": "2025-10-23T15:45:42.449Z", "user": 1, "content_type": 7, "object_id": "1", "object_repr": "GUIÑA CANELO FLOR DE HUAIRAVO.", "action_flag": 1, "change_message": "[{\"added\": {}}]"}}, {"model": "admin.logentry", "pk": 4, "fields": {"action_time": "2025-10-23T15:46:46.248Z", "user": 1, "content_type": 8, "object_id": "3", "object_repr": "Planta", "action_flag": 1, "change_message": "[{\"added\": {}}]"}}, {"model": "admin.logentry", "pk": 5, "fields": {"action_time": "2025-10-23T15:47:13.821Z", "user": 1, "content_type": 7, "object_id": "2", "object_repr": "Trio de garzas enraizadas", "action_flag": 1, "change_message": "[{\"added\": {}}]"}}, {"model": "admin.logentry", "pk": 6, "fields": {"action_time": "2025-10-23T15:47:42.383Z", "user": 1, "content_type": 8, "object_id": "4", "object_repr": "Blanco y Negro", "action_flag": 1, "change_message": "[{\"added\": {}}]"}}, {"model": "admin.logentry", "pk": 7, "fields": {"action_time": "2025-10-23T15:47:46.573Z", "user": 1, "content_type": 7, "object_id": "1", "object_repr": "GUIÑA CANELO FLOR DE HUAIRAVO.", "action_flag": 2, "change_message": "[{\"changed\": {\"fields\": [\"Etiquetas\"]}}]"}}, {"model": "admin.logentry", "pk": 8, "fields": {"action_time": "2025-10-23T16:14:21.351Z", "user": 1, "content_type": 8, "object_id": "5", "object_repr": "Animal", "action_flag": 1, "change_message": "[{\"added\": {}}]"}}, {"model": "admin.logentry", "pk": 9, "fields": {"action_time": "2025-10-23T16:14:26.155Z", "user": 1, "content_type": 8, "object_id": "6", "object_repr": "Abstracto", "action_flag": 1, "change_message": "[{\"added\": {}}]"}}, {"model": "admin.logentry", "pk": 10, "fields": {"action_time": "2025-10-23T16:14:54.860Z", "user": 1, "content_type": 8, "object_id": "7", "object_repr": "Color", "action_flag": 1, "change_message": "[{\"added\": {}}]"}}, {"model": "admin.logentry", "pk": 11, "fields": {"action_time": "2025-10-23T16:15:22.874Z", "user": 1, "content_type": 7, "object_id": "3", "object_repr": "Llama camelido imperial.", "action_flag": 1, "change_message": "[{\"added\": {}}]"}}, {"model": "admin.logentry", "pk": 12, "fields": {"action_time": "2025-10-23T16:16:02.444Z", "user": 1, "content_type": 7, "object_id": "4", "object_repr": "Garzas ocultas", "action_flag": 1, "change_message": "[{\"added\": {}}]"}}, {"model": "admin.logentry", "pk": 13, "fields": {"action_time": "2025-10-23T16:16:10.587Z", "user": 1, "content_type": 7, "object_id": "4", "object_repr": "Garzas ocultas", "action_flag": 2, "change_message": "[{\"changed\": {\"fields\": [\"Medio de Obra\"]}}]"}}, {"model": "admin.logentry", "pk": 14, "fields": {"action_time": "2025-10-23T16:39:59.470Z", "user": 1, "content_type": 7, "object_id": "5", "object_repr": "Pudú en flor de garzas", "action_flag": 1, "change_message": "[{\"added\": {}}]"}}, {"model": "admin.logentry", "pk": 15, "fields": {"action_time": "2025-10-23T16:40:24.370Z", "user": 1, "content_type": 7, "object_id": "6", "object_repr": "Chagual de pelicano", "action_flag": 1, "change_message": "[{\"added\": {}}]"}}, {"model": "admin.logentry", "pk": 16, "fields": {"action_time": "2025-10-23T16:40:53.283Z", "user": 1, "content_type": 7, "object_id": "7", "object_repr": "Del monte chilco", "action_flag": 1, "change_message": "[{\"added\": {}}]"}}, {"model": "admin.logentry", "pk": 17, "fields": {"action_time": "2025-11-06T15:10:12.723Z", "user": 1, "content_type": 7, "object_id": "1", "object_repr": "GUIÑA CANELO FLOR DE HUAIRAVO.", "action_flag": 2, "change_message": "[{\"changed\": {\"fields\": [\"Estado del producto\"]}}]"}}, {"model": "admin.logentry", "pk": 18, "fields": {"action_time": "2025-11-06T15:10:16.325Z", "user": 1, "content_type": 7, "object_id": "1", "object_repr": "GUIÑA CANELO FLOR DE HUAIRAVO.", "action_flag": 2, "change_message": "[]"}}, {"model": "admin.logentry", "pk": 19, "fields": {"action_time": "2025-11-06T15:10:18.870Z", "user": 1, "content_type": 7, "object_id": "2", "object_repr": "Trio de garzas enraizadas", "action_flag": 2, "change_message": "[{\"changed\": {\"fields\": [\"Estado del producto\"]}}]"}}, {"model": "admin.logentry", "pk": 20, "fields": {"action_time": "2025-11-06T15:10:21.805Z", "user": 1, "content_type": 7, "object_id": "3", "object_repr": "Llama camelido imperial.", "action_flag": 2, "change_message": "[{\"changed\": {\"fields\": [\"Estado del producto\"]}}]"}}, {"model": "admin.logentry", "pk": 21, "fields": {"action_time": "2025-11-06T15:10:24.036Z", "user": 1, "content_type": 7, "object_id": "4", "object_repr": "Garzas ocultas", "action_flag": 2, "change_message": "[{\"changed\": {\"fields\": [\"Estado del producto\"]}}]"}}, {"model": "admin.logentry", "pk": 22, "fields": {"action_time": "2025-11-06T15:10:26.748Z", "user": 1, "content_type": 7, "object_id": "4", "object_repr": "Garzas ocultas", "action_flag": 2, "change_message": "[]"}}, {"model": "admin.logentry", "pk": 23, "fields": {"action_time": "2025-11-06T15:10:29.641Z", "user": 1, "content_type": 7, "object_id": "5", "object_repr": "Pudú en flor de garzas", "action_flag": 2, "change_message": "[{\"changed\": {\"fields\": [\"Estado del producto\"]}}]"}}, {"model": "admin.logentry", "pk": 24, "fields": {"action_time": "2025-11-06T15:10:32.408Z", "user": 1, "content_type": 7, "object_id": "6", "object_repr": "Chagual de pelicano", "action_flag": 2, "change_message": "[{\"changed\": {\"fields\": [\"Estado del producto\"]}}]"}}, {"model": "admin.logentry", "pk": 25, "fields": {"action_time": "2025-11-06T15:10:36.224Z", "user": 1, "content_type": 7, "object_id": "6", "object_repr": "Chagual de pelicano", "action_flag": 2, "change_message": "[]"}}, {"model": "admin.logentry", "pk": 26, "fields": {"action_time": "2025-11-06T15:10:39.811Z", "user": 1, "content_type": 7, "object_id": "7", "object_repr": "Del monte chilco", "action_flag": 2, "change_message": "[{\"changed\": {\"fields\": [\"Estado del producto\"]}}]"}}, {"model": "admin.logentry", "pk": 27, "fields": {"action_time": "2025-11-07T01:19:37.715Z", "user": 1, "content_type": 7, "object_id": "6", "object_repr": "Chagual de pelicano", "action_flag": 2, "change_message": "[{\"changed\": {\"fields\": [\"Medio de Obra\"]}}]"}}, {"model": "admin.logentry", "pk": 28, "fields": {"action_time": "2025-11-07T01:19:43.350Z", "user": 1, "content_type": 7, "object_id": "7", "object_repr": "Del monte chilco", "action_flag": 2, "change_message": "[{\"changed\": {\"fields\": [\"Medio de Obra\"]}}]"}}, {"model": "admin.logentry", "pk": 29, "fields": {"action_time": "2025-12-04T03:38:38.231Z", "user": 1, "content_type": 9, "object_id": "1", "object_repr": "Publicacion object (1)", "action_flag": 1, "change_message": "[{\"added\": {}}]"}}, {"model": "admin.logentry", "pk": 30, "fields": {"action_time": "2025-12-04T03:39:02.172Z", "user": 1, "content_type": 9, "object_id": "2", "object_repr": "Publicacion object (2)", "action_flag": 1, "change_message": "[{\"added\": {}}]"}}, {"model": "admin.logentry", "pk": 31, "fields": {"action_time": "2025-12-04T03:39:11.391Z", "user": 1, "content_type": 9, "object_id": "3", "object_repr": "Publicacion object (3)", "action_flag": 1, "change_message": "[{\"added\": {}}]"}}, {"model": "admin.logentry", "pk": 32, "fields": {"action_time": "2025-12-04T03:39:16.758Z", "user": 1, "content_type": 9, "object_id": "4", "object_repr": "Publicacion object (4)", "action_flag": 1, "change_message": "[{\"added\": {}}]"}}, {"model": "admin.logentry", "pk": 33, "fields": {"action_time": "2025-12-04T03:39:23.171Z", "user": 1, "content_type": 9, "object_id": "5", "object_repr": "Publicacion object (5)", "action_flag": 1, "change_message": "[{\"added\": {}}]"}}, {"model": "admin.logentry", "pk": 34, "fields": {"action_time": "2025-12-04T03:39:28.137Z", "user": 1, "content_type": 9, "object_id": "6", "object_repr": "Publicacion object (6)", "action_flag": 1, "change_message": "[{\"added\": {}}]"}}, {"model": "admin.logentry", "pk": 35, "fields": {"action_time": "2025-12-04T03:39:35.298Z", "user": 1, "content_type": 9, "object_id": "7", "object_repr": "Publicacion object (7)", "action_flag": 1, "change_message": "[{\"added\": {}}]"}}, {"model": "admin.logentry", "pk": 36, "fields": {"action_time": "2025-12-04T14:41:56.688Z", "user": 1, "content_type": 4, "object_id": "2", "object_repr": "cristian_erre", "action_flag": 1, "change_message": "[{\"added\": {}}]"}}, {"model": "admin.logentry", "pk": 37, "fields": {"action_time": "2025-12-04T14:42:24.834Z", "user": 1, "content_type": 4, "object_id": "2", "object_repr": "cristian_erre", "action_flag": 2, "change_message": "[{\"changed\": {\"fields\": [\"First name\", \"Last name\", \"Staff status\"]}}]"}}, {"model": "admin.logentry", "pk": 38, "fields": {"action_time": "2025-12-04T14:44:29.410Z", "user": 1, "content_type": 3, "object_id": "1", "object_repr": "Administradores", "action_flag": 1, "change_message": "[{\"added\": {}}]"}}, {"model": "admin.logentry", "pk": 39, "fields": {"action_time": "2025-12-04T14:45:29.662Z", "user": 1, "content_type": 3, "object_id": "2", "object_repr": "Usuarios", "action_flag": 1, "change_message": "[{\"added\": {}}]"}}, {"model": "admin.logentry", "pk": 40, "fields": {"action_time": "2025-12-04T14:45:34.872Z", "user": 1, "content_type": 4, "object_id": "2", "object_repr": "cristian_erre", "action_flag": 2, "change_message": "[{\"changed\": {\"fields\": [\"Groups\"]}}]"}}, {"model": "admin.logentry", "pk": 41, "fields": {"action_time": "2025-12-04T14:46:09.515Z", "user": 1, "content_type": 10, "object_id": "1", "object_repr": "cristian_erre", "action_flag": 1, "change_message": "[{\"added\": {}}]"}}, {"model": "admin.logentry", "pk": 42, "fields": {"action_time": "2025-12-04T14:47:07.503Z", "user": 1, "content_type": 11, "object_id": "1", "object_repr": "BoletaDeCompra object (1)", "action_flag": 1, "change_message": "[{\"added\": {}}]"}}, {"model": "admin.logentry", "pk": 43, "fields": {"action_time": "2025-12-04T14:57:41.941Z", "user": 1, "content_type": 11, "object_id": "2", "object_repr": "BoletaDeCompra object (2)", "action_flag": 1, "change_message": "[{\"added\": {}}]"}}, {"model": "admin.logentry", "pk": 44, "fields": {"action_time": "2025-12-04T14:58:42.239Z", "user": 1, "content_type": 11, "object_id": "2", "object_repr": "BoletaDeCompra object (2)", "action_flag": 3, "change_message": ""}}, {"model": "admin.logentry", "pk": 45, "fields": {"action_time": "2025-12-04T17:03:31.835Z", "user": 1, "content_type": 10, "object_id": "2", "object_repr": "root", "action_flag": 1, "change_message": "[{\"added\": {}}]"}}, {"model": "admin.logentry", "pk": 46, "fields": {"action_time": "2025-12-04T17:16:13.130Z", "user": 2, "content_type": 4, "object_id": "4", "object_repr": "usuario1", "action_flag": 2, "change_message": "[{\"changed\": {\"fields\": [\"Groups\"]}}]"}}, {"model": "admin.logentry", "pk": 47, "fields": {"action_time": "2025-12-04T17:16:53.260Z", "user": 1, "content_type": 4, "object_id": "4", "object_repr": "usuario1", "action_flag": 2, "change_message": "[{\"changed\": {\"fields\": [\"Staff status\"]}}]"}}, {"model": "admin.logentry", "pk": 48, "fields": {"action_time": "2025-12-04T17:23:53.141Z", "user": 2, "content_type": 4, "object_id": "6", "object_repr": "admin2", "action_flag": 2, "change_message": "[]"}}, {"model": "admin.logentry", "pk": 49, "fields": {"action_time": "2025-12-06T22:53:49.120Z", "user": 1, "content_type": 4, "object_id": "5", "object_repr": "usuario3", "action_flag": 2, "change_message": "[{\"changed\": {\"fields\": [\"Staff status\"]}}]"}}, {"model": "admin.logentry", "pk": 50, "fields": {"action_time": "2025-12-06T22:53:53.365Z", "user": 1, "content_type": 4, "object_id": "8", "object_repr": "usuario10", "action_flag": 2, "change_message": "[{\"changed\": {\"fields\": [\"Staff status\"]}}]"}}, {"model": "admin.logentry", "pk": 51, "fields": {"action_time": "2025-12-06T22:53:57.961Z", "user": 1, "content_type": 4, "object_id": "3", "object_repr": "holahola", "action_flag": 2, "change_message": "[{\"changed\": {\"fields\": [\"Staff status\"]}}]"}}, {"model": "admin.logentry", "pk": 52, "fields": {"action_time": "2025-12-06T22:54:31.037Z", "user": 1, "content_type": 4, "object_id": "3", "object_repr": "holahola", "action_flag": 2, "change_message": "[{\"changed\": {\"fields\": [\"Groups\"]}}]"}}, {"model": "admin.logentry", "pk": 53, "fields": {"action_time": "2025-12-06T22:54:57.489Z", "user": 1, "content_type": 4, "object_id": "5", "object_repr": "usuario3", "action_flag": 2, "change_message": "[{\"changed\": {\"fields\": [\"password\"]}}]"}}, {"model": "admin.logentry", "pk": 54, "fields": {"action_time": "2025-12-06T22:55:12.292Z", "user": 1, "content_type": 4, "object_id": "5", "object_repr": "usuario3", "action_flag": 2, "change_message": "[{\"changed\": {\"fields\": [\"password\"]}}]"}}, {"model": "admin.logentry", "pk": 55, "fields": {"action_time": "2025-12-06T22:55:23.621Z", "user": 1, "content_type": 4, "object_id": "8", "object_repr": "usuario10", "action_flag": 2, "change_message": "[{\"changed\": {\"fields\": [\"password\"]}}]"}}, {"model": "admin.logentry", "pk": 56, "fields": {"action_time": "2025-12-06T22:55:55.835Z", "user": 1, "content_type": 4, "object_id": "2", "object_repr": "cristian_erre", "action_flag": 2, "change_message": "[{\"changed\": {\"fields\": [\"password\"]}}]"}}, {"model": "admin.logentry", "pk": 57, "fields": {"action_time": "2025-12-06T22:56:01.423Z", "user": 1, "content_type": 4, "object_id": "7", "object_repr": "admin4", "action_flag": 2, "change_message": "[{\"changed\": {\"fields\": [\"password\"]}}]"}}, {"model": "admin.logentry", "pk": 58, "fields": {"action_time": "2025-12-07T00:14:18.126Z", "user": 2, "content_type": 7, "object_id": "5", "object_repr": "Pudú en flor de garzas", "action_flag": 2, "change_message": "[{\"changed\": {\"fields\": [\"Estado del producto\"]}}]"}}, {"model": "admin.logentry", "pk": 59, "fields": {"action_time": "2025-12-07T00:18:02.600Z", "user": 2, "content_type": 7, "object_id": "7", "object_repr": "Del monte chilco", "action_flag": 2, "change_message": "[{\"changed\": {\"fields\": [\"Estado del producto\"]}}]"}}, {"model": "admin.logentry", "pk": 60, "fields": {"action_time": "2025-12-07T00:19:47.292Z", "user": 2, "content_type": 7, "object_id": "3", "object_repr": "Llama camelido imperial.", "action_flag": 2, "change_message": "[{\"changed\": {\"fields\": [\"Estado del producto\"]}}]"}}, {"model": "admin.logentry", "pk": 61, "fields": {"action_time": "2025-12-07T00:20:50.300Z", "user": 2, "content_type": 7, "object_id": "3", "object_repr": "Llama camelido imperial.", "action_flag": 2, "change_message": "[{\"changed\": {\"fields\": [\"Estado del producto\"]}}]"}}, {"model": "admin.logentry", "pk": 62, "fields": {"action_time": "2025-12-07T00:20:52.548Z", "user": 2, "content_type": 7, "object_id": "5", "object_repr": "Pudú en flor de garzas", "action_flag": 2, "change_message": "[{\"changed\": {\"fields\": [\"Estado del producto\"]}}]"}}, {"model": "admin.logentry", "pk": 63, "fields": {"action_time": "2025-12-07T00:20:54.617Z", "user": 2, "content_type": 7, "object_id": "7", "object_repr": "Del monte chilco", "action_flag": 2, "change_message": "[{\"changed\": {\"fields\": [\"Estado del producto\"]}}]"}}, {"model": "admin.logentry", "pk": 64, "fields": {"action_time": "2025-12-07T00:21:27.085Z", "user": 2, "content_type": 7, "object_id": "4", "object_repr": "Garzas ocultas", "action_flag": 2, "change_message": "[{\"changed\": {\"fields\": [\"Estado del producto\"]}}]"}}, {"model": "admin.logentry", "pk": 65, "fields": {"action_time": "2025-12-07T00:22:45.656Z", "user": 2, "content_type": 7, "object_id": "3", "object_repr": "Llama camelido imperial.", "action_flag": 2, "change_message": "[{\"changed\": {\"fields\": [\"Estado del producto\"]}}]"}}, {"model": "admin.logentry", "pk": 66, "fields": {"action_time": "2025-12-07T00:23:42.593Z", "user": 2, "content_type": 7, "object_id": "3", "object_repr": "Llama camelido imperial.", "action_flag": 2, "change_message": "[{\"changed\": {\"fields\": [\"Estado del producto\"]}}]"}}, {"model": "admin.logentry", "pk": 67, "fields": {"action_time": "2025-12-07T00:23:45.252Z", "user": 2, "content_type": 7, "object_id": "4", "object_repr": "Garzas ocultas", "action_flag": 2, "change_message": "[{\"changed\": {\"fields\": [\"Estado del producto\"]}}]"}}, {"model": "admin.logentry", "pk": 68, "fields": {"action_time": "2025-12-07T00:24:07.717Z", "user": 2, "content_type": 7, "object_id": "3", "object_repr": "Llama camelido imperial.", "action_flag": 2, "change_message": "[{\"changed\": {\"fields\": [\"Estado del producto\"]}}]"}}, {"model": "admin.logentry", "pk": 69, "fields": {"action_time": "2025-12-07T00:25:22.820Z", "user": 2, "content_type": 7, "object_id": "4", "object_repr": "Garzas ocultas", "action_flag": 2, "change_message": "[{\"changed\": {\"fields\": [\"Estado del producto\"]}}]"}}, {"model": "admin.logentry", "pk": 70, "fields": {"action_time": "2025-12-07T00:25:35.420Z", "user": 2, "content_type": 7, "object_id": "4", "object_repr": "Garzas ocultas", "action_flag": 2, "change_message": "[{\"changed\": {\"fields\": [\"Estado del producto\"]}}]"}}, {"model": "admin.logentry", "pk": 71, "fields": {"action_time": "2025-12-07T00:25:38.687Z", "user": 2, "content_type": 7, "object_id": "2", "object_repr": "Trio de garzas enraizadas", "action_flag": 2, "change_message": "[{\"changed\": {\"fields\": [\"Estado del producto\"]}}]"}}, {"model": "admin.logentry", "pk": 72, "fields": {"action_time": "2025-12-07T00:28:11.452Z", "user": 2, "content_type": 7, "object_id": "3", "object_repr": "Llama camelido imperial.", "action_flag": 2, "change_message": "[{\"changed\": {\"fields\": [\"Estado del producto\"]}}]"}}, {"model": "admin.logentry", "pk": 73, "fields": {"action_time": "2025-12-07T00:28:21.917Z", "user": 2, "content_type": 7, "object_id": "2", "object_repr": "Trio de garzas enraizadas", "action_flag": 2, "change_message": "[{\"changed\": {\"fields\": [\"Estado del producto\"]}}]"}}, {"model": "admin.logentry", "pk": 74, "fields": {"action_time": "2025-12-07T00:28:36.528Z", "user": 2, "content_type": 7, "object_id": "7", "object_repr": "Del monte chilco", "action_flag": 2, "change_message": "[{\"changed\": {\"fields\": [\"Estado del producto\"]}}]"}}, {"model": "admin.logentry", "pk": 75, "fields": {"action_time": "2025-12-07T00:28:56.773Z", "user": 2, "content_type": 7, "object_id": "7", "object_repr": "Del monte chilco", "action_flag": 2, "change_message": "[{\"changed\": {\"fields\": [\"Estado del producto\"]}}]"}}, {"model": "admin.logentry", "pk": 76, "fields": {"action_time": "2025-12-08T18:45:40.338Z", "user": 1, "content_type": 4, "object_id": "3", "object_repr": "holahola", "action_flag": 2, "change_message": "[{\"changed\": {\"fields\": [\"Staff status\"]}}]"}}, {"model": "admin.logentry", "pk": 77, "fields": {"action_time": "2025-12-08T18:45:43.700Z", "user": 1, "content_type": 4, "object_id": "8", "object_repr": "usuario10", "action_flag": 2, "change_message": "[{\"changed\": {\"fields\": [\"Staff status\"]}}]"}}, {"model": "admin.logentry", "pk": 78, "fields": {"action_time": "2025-12-08T18:45:46.833Z", "user": 1, "content_type": 4, "object_id": "5", "object_repr": "usuario3", "action_flag": 2, "change_message": "[{\"changed\": {\"fields\": [\"Staff status\"]}}]"}}, {"model": "admin.logentry", "pk": 79, "fields": {"action_time": "2025-12-09T01:49:18.954Z", "user": 2, "content_type": 9, "object_id": "4", "object_repr": "Publicacion object (4)", "action_flag": 2, "change_message": "[{\"changed\": {\"fields\": [\"Fuente de texto\"]}}]"}}, {"model": "admin.logentry", "pk": 80, "fields": {"action_time": "2025-12-09T01:51:35.817Z", "user": 2, "content_type": 9, "object_id": "7", "object_repr": "Publicacion object (7)", "action_flag": 2, "change_message": "[{\"changed\": {\"fields\": [\"Fuente de texto\"]}}]"}}, {"model": "admin.logentry", "pk": 81, "fields": {"action_time": "2025-12-09T01:51:37.952Z", "user": 2, "content_type": 9, "object_id": "6", "object_repr": "Publicacion object (6)", "action_flag": 2, "change_message": "[{\"changed\": {\"fields\": [\"Fuente de texto\"]}}]"}}, {"model": "admin.logentry", "pk": 82, "fields": {"action_time": "2025-12-09T01:51:40.316Z", "user": 2, "content_type": 9, "object_id": "5", "object_repr": "Publicacion object (5)", "action_flag": 2, "change_message": "[{\"changed\": {\"fields\": [\"Fuente de texto\"]}}]"}}, {"model": "admin.logentry", "pk": 83, "fields": {"action_time": "2025-12-09T01:51:43.283Z", "user": 2, "content_type": 9, "object_id": "4", "object_repr": "Publicacion object (4)", "action_flag": 2, "change_message": "[{\"changed\": {\"fields\": [\"Fuente de texto\"]}}]"}}, {"model": "admin.logentry", "pk": 84, "fields": {"action_time": "2025-12-09T01:51:52.132Z", "user": 2, "content_type": 9, "object_id": "1", "object_repr": "Publicacion object (1)", "action_flag": 2, "change_message": "[{\"changed\": {\"fields\": [\"Fuente de texto\"]}}]"}}, {"model": "admin.logentry", "pk": 85, "fields": {"action_time": "2025-12-09T01:52:00.717Z", "user": 2, "content_type": 9, "object_id": "5", "object_repr": "Publicacion object (5)", "action_flag": 2, "change_message": "[]"}}, {"model": "admin.logentry", "pk": 86, "fields": {"action_time": "2025-12-09T01:52:03.950Z", "user": 2, "content_type": 9, "object_id": "4", "object_repr": "Publicacion object (4)", "action_flag": 2, "change_message": "[]"}}, {"model": "admin.logentry", "pk": 87, "fields": {"action_time": "2025-12-09T01:52:06.284Z", "user": 2, "content_type": 9, "object_id": "3", "object_repr": "Publicacion object (3)", "action_flag": 2, "change_message": "[{\"changed\": {\"fields\": [\"Fuente de texto\"]}}]"}}, {"model": "admin.logentry", "pk": 88, "fields": {"action_time": "2025-12-09T01:52:09.185Z", "user": 2, "content_type": 9, "object_id": "2", "object_repr": "Publicacion object (2)", "action_flag": 2, "change_message": "[{\"changed\": {\"fields\": [\"Fuente de texto\"]}}]"}}, {"model": "admin.logentry", "pk": 89, "fields": {"action_time": "2025-12-09T01:52:11.835Z", "user": 2, "content_type": 9, "object_id": "1", "object_repr": "Publicacion object (1)", "action_flag": 2, "change_message": "[]"}}, {"model": "admin.logentry", "pk": 90, "fields": {"action_time": "2025-12-09T01:52:31.903Z", "user": 2, "content_type": 9, "object_id": "4", "object_repr": "Publicacion object (4)", "action_flag": 2, "change_message": "[{\"changed\": {\"fields\": [\"Fuente de texto\"]}}]"}}, {"model": "admin.logentry", "pk": 91, "fields": {"action_time": "2025-12-09T02:26:56.537Z", "user": 2, "content_type": 7, "object_id": "7", "object_repr": "Del monte chilco", "action_flag": 2, "change_message": "[{\"changed\": {\"fields\": [\"Estado del producto\"]}}]"}}, {"model": "admin.logentry", "pk": 92, "fields": {"action_time": "2025-12-09T02:27:10.286Z", "user": 2, "content_type": 7, "object_id": "7", "object_repr": "Del monte chilco", "action_flag": 2, "change_message": "[{\"changed\": {\"fields\": [\"Estado del producto\"]}}]"}}, {"model": "admin.logentry", "pk": 93, "fields": {"action_time": "2025-12-09T09:23:07.666Z", "user": 2, "content_type": 11, "object_id": "12", "object_repr": "BoletaDeCompra object (12)", "action_flag": 3, "change_message": ""}}, {"model": "admin.logentry", "pk": 94, "fields": {"action_time": "2025-12-09T09:23:07.672Z", "user": 2, "content_type": 11, "object_id": "11", "object_repr": "BoletaDeCompra object (11)", "action_flag": 3, "change_message": ""}}, {"model": "admin.logentry", "pk": 95, "fields": {"action_time": "2025-12-09T09:23:07.677Z", "user": 2, "content_type": 11, "object_id": "10", "object_repr": "BoletaDeCompra object (10)", "action_flag": 3, "change_message": ""}}, {"model": "admin.logentry", "pk": 96, "fields": {"action_time": "2025-12-09T09:23:07.681Z", "user": 2, "content_type": 11, "object_id": "9", "object_repr": "BoletaDeCompra object (9)", "action_flag": 3, "change_message": ""}}, {"model": "admin.logentry", "pk": 97, "fields": {"action_time": "2025-12-09T09:23:07.685Z", "user": 2, "content_type": 11, "object_id": "8", "object_repr": "BoletaDeCompra object (8)", "action_flag": 3, "change_message": ""}}, {"model": "admin.logentry", "pk": 98, "fields": {"action_time": "2025-12-09T09:23:07.688Z", "user": 2, "content_type": 11, "object_id": "7", "object_repr": "BoletaDeCompra object (7)", "action_flag": 3, "change_message": ""}}, {"model": "admin.logentry", "pk": 99, "fields": {"action_time": "2025-12-09T09:23:07.690Z", "user": 2, "content_type": 11, "object_id": "6", "object_repr": "BoletaDeCompra object (6)", "action_flag": 3, "change_message": ""}}, {"model": "admin.logentry", "pk": 100, "fields": {"action_time": "2025-12-09T09:23:07.693Z", "user": 2, "content_type": 11, "object_id": "5", "object_repr": "BoletaDeCompra object (5)", "action_flag": 3, "change_message": ""}}, {"model": "admin.logentry", "pk": 101, "fields": {"action_time": "2025-12-09T09:23:07.696Z", "user": 2, "content_type": 11, "object_id": "4", "object_repr": "BoletaDeCompra object (4)", "action_flag": 3, "change_message": ""}}, {"model": "admin.logentry", "pk": 102, "fields": {"action_time": "2025-12-09T09:23:07.699Z", "user": 2, "content_type": 11, "object_id": "3", "object_repr": "BoletaDeCompra object (3)", "action_flag": 3, "change_message": ""}}, {"model": "admin.logentry", "pk": 103, "fields": {"action_time": "2025-12-09T09:23:07.703Z", "user": 2, "content_type": 11, "object_id": "2", "object_repr": "BoletaDeCompra object (2)", "action_flag": 3, "change_message": ""}}, {"model": "admin.logentry", "pk": 104, "fields": {"action_time": "2025-12-09T09:23:07.706Z", "user": 2, "content_type": 11, "object_id": "1", "object_repr": "BoletaDeCompra object (1)", "action_flag": 3, "change_message": ""}}, {"model": "admin.logentry", "pk": 105, "fields": {"action_time": "2025-12-09T11:13:12.820Z", "user": 2, "content_type": 11, "object_id": "29", "object_repr": "BoletaDeCompra object (29)", "action_flag": 3, "change_message": ""}}, {"model": "admin.logentry", "pk": 106, "fields": {"action_time": "2025-12-09T11:13:12.825Z", "user": 2, "content_type": 11, "object_id": "28", "object_repr": "BoletaDeCompra object (28)", "action_flag": 3, "change_message": ""}}, {"model": "admin.logentry", "pk": 107, "fields": {"action_time": "2025-12-09T11:13:12.830Z", "user": 2, "content_type": 11, "object_id": "27", "object_repr": "BoletaDeCompra object (27)", "action_flag": 3, "change_message": ""}}, {"model": "admin.logentry", "pk": 108, "fields": {"action_time": "2025-12-09T11:13:12.833Z", "user": 2, "content_type": 11, "object_id": "26", "object_repr": "BoletaDeCompra object (26)", "action_flag": 3, "change_message": ""}}, {"model": "admin.logentry", "pk": 109, "fields": {"action_time": "2025-12-09T11:13:12.838Z", "user": 2, "content_type": 11, "object_id": "25", "object_repr": "BoletaDeCompra object (25)", "action_flag": 3, "change_message": ""}}, {"model": "admin.logentry", "pk": 110, "fields": {"action_time": "2025-12-09T11:13:12.842Z", "user": 2, "content_type": 11, "object_id": "24", "object_repr": "BoletaDeCompra object (24)", "action_flag": 3, "change_message": ""}}, {"model": "admin.logentry", "pk": 111, "fields": {"action_time": "2025-12-09T11:13:12.845Z", "user": 2, "content_type": 11, "object_id": "23", "object_repr": "BoletaDeCompra object (23)", "action_flag": 3, "change_message": ""}}, {"model": "admin.logentry", "pk": 112, "fields": {"action_time": "2025-12-09T11:13:12.848Z", "user": 2, "content_type": 11, "object_id": "22", "object_repr": "BoletaDeCompra object (22)", "action_flag": 3, "change_message": ""}}, {"model": "admin.logentry", "pk": 113, "fields": {"action_time": "2025-12-09T11:13:12.851Z", "user": 2, "content_type": 11, "object_id": "21", "object_repr": "BoletaDeCompra object (21)", "action_flag": 3, "change_message": ""}}, {"model": "admin.logentry", "pk": 114, "fields": {"action_time": "2025-12-09T11:13:12.855Z", "user": 2, "content_type": 11, "object_id": "20", "object_repr": "BoletaDeCompra object (20)", "action_flag": 3, "change_message": ""}}, {"model": "admin.logentry", "pk": 115, "fields": {"action_time": "2025-12-09T11:13:12.858Z", "user": 2, "content_type": 11, "object_id": "19", "object_repr": "BoletaDeCompra object (19)", "action_flag": 3, "change_message": ""}}, {"model": "admin.logentry", "pk": 116, "fields": {"action_time": "2025-12-09T11:13:12.861Z", "user": 2, "content_type": 11, "object_id": "18", "object_repr": "BoletaDeCompra object (18)", "action_flag": 3, "change_message": ""}}, {"model": "admin.logentry", "pk": 117, "fields": {"action_time": "2025-12-09T11:13:12.864Z", "user": 2, "content_type": 11, "object_id": "17", "object_repr": "BoletaDeCompra object (17)", "action_flag": 3, "change_message": ""}}, {"model": "admin.logentry", "pk": 118, "fields": {"action_time": "2025-12-09T11:13:12.867Z", "user": 2, "content_type": 11, "object_id": "16", "object_repr": "BoletaDeCompra object (16)", "action_flag": 3, "change_message": ""}}, {"model": "admin.logentry", "pk": 119, "fields": {"action_time": "2025-12-09T11:13:12.871Z", "user": 2, "content_type": 11, "object_id": "15", "object_repr": "BoletaDeCompra object (15)", "action_flag": 3, "change_message": ""}}, {"model": "admin.logentry", "pk": 120, "fields": {"action_time": "2025-12-09T11:13:12.874Z", "user": 2, "content_type": 11, "object_id": "14", "object_repr": "BoletaDeCompra object (14)", "action_flag": 3, "change_message": ""}}, {"model": "admin.logentry", "pk": 121, "fields": {"action_time": "2025-12-09T11:13:12.877Z", "user": 2, "content_type": 11, "object_id": "13", "object_repr": "BoletaDeCompra object (13)", "action_flag": 3, "change_message": ""}}, {"model": "admin.logentry", "pk": 122, "fields": {"action_time": "2025-12-09T12:03:01.820Z", "user": 2, "content_type": 11, "object_id": "31", "object_repr": "BoletaDeCompra object (31)", "action_flag": 3, "change_message": ""}}, {"model": "admin.logentry", "pk": 123, "fields": {"action_time": "2025-12-09T12:03:01.826Z", "user": 2, "content_type": 11, "object_id": "30", "object_repr": "BoletaDeCompra object (30)", "action_flag": 3, "change_message": ""}}, {"model": "admin.logentry", "pk": 124, "fields": {"action_time": "2025-12-09T12:09:02.918Z", "user": 2, "content_type": 11, "object_id": "34", "object_repr": "BoletaDeCompra object (34)", "action_flag": 3, "change_message": ""}}, {"model": "admin.logentry", "pk": 125, "fields": {"action_time": "2025-12-09T12:09:02.924Z", "user": 2, "content_type": 11, "object_id": "33", "object_repr": "BoletaDeCompra object (33)", "action_flag": 3, "change_message": ""}}, {"model": "admin.logentry", "pk": 126, "fields": {"action_time": "2025-12-09T12:09:02.930Z", "user": 2, "content_type": 11, "object_id": "32", "object_repr": "BoletaDeCompra object (32)", "action_flag": 3, "change_message": ""}}, {"model": "admin.logentry", "pk": 127, "fields": {"action_time": "2025-12-09T12:09:09.821Z", "user": 2, "content_type": 7, "object_id": "1", "object_repr": "GUIÑA CANELO FLOR DE HUAIRAVO.", "action_flag": 2, "change_message": "[{\"changed\": {\"fields\": [\"Estado del producto\"]}}]"}}, {"model": "admin.logentry", "pk": 128, "fields": {"action_time": "2025-12-09T12:09:14.451Z", "user": 2, "content_type": 7, "object_id": "2", "object_repr": "Trio de garzas enraizadas", "action_flag": 2, "change_message": "[]"}}, {"model": "admin.logentry", "pk": 129, "fields": {"action_time": "2025-12-09T12:09:18.524Z", "user": 2, "content_type": 7, "object_id": "3", "object_repr": "Llama camelido imperial.", "action_flag": 2, "change_message": "[{\"changed\": {\"fields\": [\"Estado del producto\"]}}]"}}, {"model": "admin.logentry", "pk": 130, "fields": {"action_time": "2025-12-09T12:09:25.205Z", "user": 2, "content_type": 7, "object_id": "5", "object_repr": "Pudú en flor de garzas", "action_flag": 2, "change_message": "[{\"changed\": {\"fields\": [\"Estado del producto\"]}}]"}}, {"model": "admin.logentry", "pk": 131, "fields": {"action_time": "2025-12-09T12:09:32.407Z", "user": 2, "content_type": 7, "object_id": "7", "object_repr": "Del monte chilco", "action_flag": 2, "change_message": "[{\"changed\": {\"fields\": [\"Estado del producto\"]}}]"}}, {"model": "admin.logentry", "pk": 132, "fields": {"action_time": "2025-12-09T12:17:58.981Z", "user": 2, "content_type": 11, "object_id": "35", "object_repr": "BoletaDeCompra object (35)", "action_flag": 3, "change_message": ""}}, {"model": "admin.logentry", "pk": 133, "fields": {"action_time": "2025-12-09T12:18:16.551Z", "user": 2, "content_type": 7, "object_id": "3", "object_repr": "Llama camelido imperial.", "action_flag": 2, "change_message": "[{\"changed\": {\"fields\": [\"Estado del producto\"]}}]"}}, {"model": "admin.logentry", "pk": 134, "fields": {"action_time": "2025-12-09T12:18:41.088Z", "user": 2, "content_type": 7, "object_id": "6", "object_repr": "Chagual de pelicano", "action_flag": 2, "change_message": "[{\"changed\": {\"fields\": [\"Estado del producto\"]}}]"}}, {"model": "admin.logentry", "pk": 135, "fields": {"action_time": "2025-12-09T12:19:42.566Z", "user": 2, "content_type": 11, "object_id": "36", "object_repr": "BoletaDeCompra object (36)", "action_flag": 3, "change_message": ""}}, {"model": "admin.logentry", "pk": 136, "fields": {"action_time": "2025-12-09T12:19:48.142Z", "user": 2, "content_type": 7, "object_id": "7", "object_repr": "Del monte chilco", "action_flag": 2, "change_message": "[{\"changed\": {\"fields\": [\"Estado del producto\"]}}]"}}, {"model": "admin.logentry", "pk": 137, "fields": {"action_time": "2025-12-09T12:20:01.243Z", "user": 2, "content_type": 7, "object_id": "3", "object_repr": "Llama camelido imperial.", "action_flag": 2, "change_message": "[{\"changed\": {\"fields\": [\"Estado del producto\"]}}]"}}, {"model": "admin.logentry", "pk": 138, "fields": {"action_time": "2025-12-09T12:20:06.445Z", "user": 2, "content_type": 7, "object_id": "1", "object_repr": "GUIÑA CANELO FLOR DE HUAIRAVO.", "action_flag": 2, "change_message": "[{\"changed\": {\"fields\": [\"Estado del producto\"]}}]"}}, {"model": "admin.logentry", "pk": 139, "fields": {"action_time": "2025-12-11T01:51:12.192Z", "user": 1, "content_type": 4, "object_id": "11", "object_repr": "SebaAdmin", "action_flag": 1, "change_message": "[{\"added\": {}}]"}}, {"model": "admin.logentry", "pk": 140, "fields": {"action_time": "2025-12-11T01:51:26.289Z", "user": 1, "content_type": 4, "object_id": "11", "object_repr": "SebaAdmin", "action_flag": 2, "change_message": "[{\"changed\": {\"fields\": [\"Staff status\", \"Groups\"]}}]"}}, {"model": "admin.logentry", "pk": 141, "fields": {"action_time": "2025-12-11T01:52:00.358Z", "user": 1, "content_type": 10, "object_id": "11", "object_repr": "Sebax", "action_flag": 1, "change_message": "[{\"added\": {}}]"}}, {"model": "admin.logentry", "pk": 142, "fields": {"action_time": "2025-12-11T03:33:13.458Z", "user": 1, "content_type": 4, "object_id": "11", "object_repr": "SebaAdmin", "action_flag": 2, "change_message": "[{\"changed\": {\"fields\": [\"password\"]}}]"}}, {"model": "auth.permission", "pk": 1, "fields": {"name": "Can add log entry", "content_type": 1, "codename": "add_logentry"}}, {"model": "auth.permission", "pk": 2, "fields": {"name": "Can change log entry", "content_type": 1, "codename": "change_logentry"}}, {"model": "auth.permission", "pk": 3, "fields": {"name": "Can delete log entry", "content_type": 1, "codename": "delete_logentry"}}, {"model": "auth.permission", "pk": 4, "fields": {"name": "Can view log entry", "content_type": 1, "codename": "view_logentry"}}, {"model": "auth.permission", "pk": 5, "fields": {"name": "Can add permission", "content_type": 2, "codename": "add_permission"}}, {"model": "auth.permission", "pk": 6, "fields": {"name": "Can change permission", "content_type": 2, "codename": "change_permission"}}, {"model": "auth.permission", "pk": 7, "fields": {"name": "Can delete permission", "content_type": 2, "codename": "delete_permission"}}, {"model": "auth.permission", "pk": 8, "fields": {"name": "Can view permission", "content_type": 2, "codename": "view_permission"}}, {"model": "auth.permission", "pk": 9, "fields": {"name": "Can add group", "content_type": 3, "codename": "add_group"}}, {"model": "auth.permission", "pk": 10, "fields": {"name": "Can change group", "content_type": 3, "codename": "change_group"}}, {"model": "auth.permission", "pk": 11, "fields": {"name": "Can delete group", "content_type": 3, "codename": "delete_group"}}, {"model": "auth.permission", "pk": 12, "fields": {"name": "Can view group", "content_type": 3, "codename": "view_group"}}, {"model": "auth.permission", "pk": 13, "fields": {"name": "Can add user", "content_type": 4, "codename": "add_user"}}, {"model": "auth.permission", "pk": 14, "fields": {"name": "Can change user", "content_type": 4, "codename": "change_user"}}, {"model": "auth.permission", "pk": 15, "fields": {"name": "Can delete user", "content_type": 4, "codename": "delete_user"}}, {"model": "auth.permission", "pk": 16, "fields": {"name": "Can view user", "content_type": 4, "codename": "view_user"}}, {"model": "auth.permission", "pk": 17, "fields": {"name": "Can add content type", "content_type": 5, "codename": "add_contenttype"}}, {"model": "auth.permission", "pk": 18, "fields": {"name": "Can change content type", "content_type": 5, "codename": "change_contenttype"}}, {"model": "auth.permission", "pk": 19, "fields": {"name": "Can delete content type", "content_type": 5, "codename": "delete_contenttype"}}, {"model": "auth.permission", "pk": 20, "fields": {"name": "Can view content type", "content_type": 5, "codename": "view_contenttype"}}, {"model": "auth.permission", "pk": 21, "fields": {"name": "Can add session", "content_type": 6, "codename": "add_session"}}, {"model": "auth.permission", "pk": 22, "fields": {"name": "Can change session", "content_type": 6, "codename": "change_session"}}, {"model": "auth.permission", "pk": 23, "fields": {"name": "Can delete session", "content_type": 6, "codename": "delete_session"}}, {"model": "auth.permission", "pk": 24, "fields": {"name": "Can view session", "content_type": 6, "codename": "view_session"}}, {"model": "auth.permission", "pk": 25, "fields": {"name": "Can add Obra", "content_type": 7, "codename": "add_obra"}}, {"model": "auth.permission", "pk": 26, "fields": {"name": "Can change Obra", "content_type": 7, "codename": "change_obra"}}, {"model": "auth.permission", "pk": 27, "fields": {"name": "Can delete Obra", "content_type": 7, "codename": "delete_obra"}}, {"model": "auth.permission", "pk": 28, "fields": {"name": "Can view Obra", "content_type": 7, "codename": "view_obra"}}, {"model": "auth.permission", "pk": 29, "fields": {"name": "Can add Etiqueta", "content_type": 8, "codename": "add_etiqueta"}}, {"model": "auth.permission", "pk": 30, "fields": {"name": "Can change Etiqueta", "content_type": 8, "codename": "change_etiqueta"}}, {"model": "auth.permission", "pk": 31, "fields": {"name": "Can delete Etiqueta", "content_type": 8, "codename": "delete_etiqueta"}}, {"model": "auth.permission", "pk": 32, "fields": {"name": "Can view Etiqueta", "content_type": 8, "codename": "view_etiqueta"}}, {"model": "auth.permission", "pk": 33, "fields": {"name": "Can add publicacion", "content_type": 9, "codename": "add_publicacion"}}, {"model": "auth.permission", "pk": 34, "fields": {"name": "Can change publicacion", "content_type": 9, "codename": "change_publicacion"}}, {"model": "auth.permission", "pk": 35, "fields": {"name": "Can delete publicacion", "content_type": 9, "codename": "delete_publicacion"}}, {"model": "auth.permission", "pk": 36, "fields": {"name": "Can view publicacion", "content_type": 9, "codename": "view_publicacion"}}, {"model": "auth.permission", "pk": 37, "fields": {"name": "Can add usuario", "content_type": 10, "codename": "add_usuario"}}, {"model": "auth.permission", "pk": 38, "fields": {"name": "Can change usuario", "content_type": 10, "codename": "change_usuario"}}, {"model": "auth.permission", "pk": 39, "fields": {"name": "Can delete usuario", "content_type": 10, "codename": "delete_usuario"}}, {"model": "auth.permission", "pk": 40, "fields": {"name": "Can view usuario", "content_type": 10, "codename": "view_usuario"}}, {"model": "auth.permission", "pk": 41, "fields": {"name": "Can add boleta de compra", "content_type": 11, "codename": "add_boletadecompra"}}, {"model": "auth.permission", "pk": 42, "fields": {"name": "Can change boleta de compra", "content_type": 11, "codename": "change_boletadecompra"}}, {"model": "auth.permission", "pk": 43, "fields": {"name": "Can delete boleta de compra", "content_type": 11, "codename": "delete_boletadecompra"}}, {"model": "auth.permission", "pk": 44, "fields": {"name": "Can view boleta de compra", "content_type": 11, "codename": "view_boletadecompra"}}, {"model": "auth.group", "pk": 1, "fields": {"name": "Administradores", "permissions": [4, 12, 8, 13, 14, 15, 16, 29, 30, 31, 32, 25, 26, 27, 28, 33, 34, 35, 36, 42, 43, 44, 17, 18, 19, 20, 24, 37, 38, 39, 40]}}, {"model": "auth.group", "pk": 2, "fields": {"name": "Usuarios", "permissions": [32, 28, 36, 41]}}, {"model": "auth.user", "pk": 1, "fields": {"password": "pbkdf2_sha256$600000$BjPe2AHbuSPaDwKsSVBXKj$2IEiUzMIGyi0H3m5Xn0/tQXlvcj23Gg54xTEflVQMaM=", "last_login": "2025-12-11T03:35:51.092Z", "is_superuser": true, "username": "root", "first_name": "", "last_name": "", "email": "", "is_staff": true, "is_active": true, "date_joined": "2025-10-23T15:43:11.680Z", "groups": [], "user_permissions": []}}, {"model": "auth.user", "pk": 2, "fields": {"password": "pbkdf2_sha256$600000$IDXlBC1tCH1PjsCJ8TCqZ9$GIF89Pi7QfmO/EIzCLR1tL20JHpns5tCJDw9ybBfd0g=", "last_login": "2025-12-11T17:29:37.841Z", "is_superuser": false, "username": "cristian_erre", "first_name": "Cristián", "last_name": "Érre", "email": "", "is_staff": true, "is_active": true, "date_joined": "2025-12-04T14:41:56Z", "groups": [1], "user_permissions": []}}, {"model": "auth.user", "pk": 3, "fields": {"password": "pbkdf2_sha256$600000$xMUgBb3SPBjjmZbOVyUysC$paPEVcd6x2rVdAyEPHKHl/AUdyn7clqLub9EFr0RQPQ=", "last_login": "2025-12-08T18:57:58.784Z", "is_superuser": false, "username": "holahola", "first_name": "", "last_name": "", "email": "", "is_staff": false, "is_active": true, "date_joined": "2025-12-04T17:08:53Z", "groups": [2], "user_permissions": []}}, {"model": "auth.user", "pk": 5, "fields": {"password": "pbkdf2_sha256$600000$QCOEf5HCjwmCYbW2h6giEZ$zVaiGavZZJ9MlOOCV5BTAWUyIWiGxvOzwVZalS7yPu0=", "last_login": null, "is_superuser": false, "username": "usuario3", "first_name": "", "last_name": "", "email": "", "is_staff": false, "is_active": true, "date_joined": "2025-12-04T17:21:04Z", "groups": [2], "user_permissions": []}}, {"model": "auth.user", "pk": 7, "fields": {"password": "pbkdf2_sha256$600000$OJu7Td6yzx4lGXG8jroqtS$bdR3GuP7RrCW8oG1WjDoMoJlx0ys6NaCBBOv0FPqIUA=", "last_login": "2025-12-06T22:56:11.228Z", "is_superuser": false, "username": "admin4", "first_name": "", "last_name": "", "email": "", "is_staff": true, "is_active": true, "date_joined": "2025-12-04T19:48:14.158Z", "groups": [1], "user_permissions": []}}, {"model": "auth.user", "pk": 8, "fields": {"password": "pbkdf2_sha256$600000$bzZaXul6DPrdLzQidUjnMZ$5TEBRTU1SgtIjkz19QS3plQGpeMEqPDdImFguvyjumc=", "last_login": "2025-12-11T17:25:56.469Z", "is_superuser": false, "username": "usuario10", "first_name": "", "last_name": "", "email": "", "is_staff": false, "is_active": true, "date_joined": "2025-12-04T19:49:42Z", "groups": [2], "user_permissions": []}}, {"model": "auth.user", "pk": 9, "fields": {"password": "pbkdf2_sha256$600000$eS4WjspgFukNfOycswD7th$eFp27qs1peDezDxuOzQ3/8XqM7kl1xUy157C8Vl36MU=", "last_login": "2025-12-09T09:25:27.463Z", "is_superuser": false, "username": "usuario11", "first_name": "", "last_name": "", "email": "", "is_staff": false, "is_active": true, "date_joined": "2025-12-09T09:25:04.250Z", "groups": [2], "user_permissions": []}}, {"model": "auth.user", "pk": 10, "fields": {"password": "pbkdf2_sha256$600000$hzW2juB7C6fFfWagXYVAsM$x7NZsGy2nrtcA/XiKVg1pxf5xgm+U2zCEDlmRkpWsgs=", "last_login": "2025-12-09T12:32:21.048Z", "is_superuser": false, "username": "elperrito", "first_name": "", "last_name": "", "email": "", "is_staff": false, "is_active": true, "date_joined": "2025-12-09T12:32:09.979Z", "groups": [2], "user_permissions": []}}, {"model": "auth.user", "pk": 11, "fields": {"password": "pbkdf2_sha256$600000$tn8Cvsxndm8rUTJnDDdHZB$jXCFdoUd5dOZk1mjaAEKBJBLGeLd2rOwL64m7EqyA6c=", "last_login": "2025-12-11T03:33:28.776Z", "is_superuser": false, "username": "SebaAdmin", "first_name": "", "last_name": "", "email": "", "is_staff": true, "is_active": true, "date_joined": "2025-12-11T01:51:11Z", "groups": [1], "user_permissions": []}}, {"model": "auth.user", "pk": 12, "fields": {"password": "pbkdf2_sha256$600000$dvrbkzS46iKuqrRpPkyhL7$bDdeVBwxCxn7g2DbFovvbYyQY09D+pZODC0qLD+/bD8=", "last_login": "2025-12-11T03:35:02.964Z", "is_superuser": false, "username": "Usuario17", "first_name": "", "last_name": "", "email": "", "is_staff": false, "is_active": true, "date_joined": "2025-12-11T03:34:17.614Z", "groups": [2], "user_permissions": []}}, {"model": "auth.user", "pk": 13, "fields": {"password": "pbkdf2_sha256$600000$3gRe7A7UskutRMhFwK7wft$zzio2Vm6A4Bio9TxED6GWWgCGutFu4WhN8Ebrhfy2W8=", "last_login": "2025-12-11T03:36:30.401Z", "is_superuser": false, "username": "usuario23", "first_name": "", "last_name": "", "email": "", "is_staff": true, "is_active": true, "date_joined": "2025-12-11T03:36:21.260Z", "groups": [1], "user_permissions": []}}, {"model": "contenttypes.contenttype", "pk": 1, "fields": {"app_label": "admin", "model": "logentry"}}, {"model": "contenttypes.contenttype", "pk": 2, "fields": {"app_label": "auth", "model": "permission"}}, {"model": "contenttypes.contenttype", "pk": 3, "fields": {"app_label": "auth", "model": "group"}}, {"model": "contenttypes.contenttype", "pk": 4, "fields": {"app_label": "auth", "model": "user"}}, {"model": "contenttypes.contenttype", "pk": 5, "fields": {"app_label": "contenttypes", "model": "contenttype"}}, {"model": "contenttypes.contenttype", "pk": 6, "fields": {"app_label": "sessions", "model": "session"}}, {"model": "contenttypes.contenttype", "pk": 7, "fields": {"app_label": "catalogo", "model": "obra"}}, {"model": "contenttypes.contenttype", "pk": 8, "fields": {"app_label": "catalogo", "model": "etiqueta"}}, {"model": "contenttypes.contenttype", "pk": 9, "fields": {"app_label": "catalogo", "model": "publicacion"}}, {"model": "contenttypes.contenttype", "pk": 10, "fields": {"app_label": "usuarios", "model": "usuario"}}, {"model": "contenttypes.contenttype", "pk": 11, "fields": {"app_label": "checkout", "model": "boletadecompra"}}, {"model": "sessions.session", "pk": "3olb2sm23upjl2dxpc89jiy3ybiv5fd7", "fields": {"session_data": ".eJxVjssKwjAURP8lawl9xNymS_f9ApFyH4mtSgJpuxL_3RS60O2cmcO81YjbOo3b4vM4i-pVo06_GSE_fdyBPDDek-YU1zyT3iv6oIsekvjX5ej-CSZcprIGI7YLQmCdc1iZWoiJgAChDuxs6wsNgtZwx965Bs9gEDxzhaEFKlLGnOc1qf5aTt4-X8YHPgw:1vTkZA:oWC6x2OSCQEh_xygxn8RqeMZ6w1DZU6OOp79RZ-K-Gk", "expire_date": "2025-12-25T17:35:00.872Z"}}, {"model": "sessions.session", "pk": "7jb4k8hdebhwknn2eupirj79v1f4cju0", "fields": {"session_data": ".eJxVjDsOwjAQBe_iGlkm_i4lPWewdm0vDiBHipMKcXdkKQW0b2beW0Tctxr3XtY4Z3ERRpx-N8L0LG2A_MB2X2Ra2rbOJIciD9rlbcnldT3cv4OKvY66AJAO7BwYNuQyExP6YBnBgNPBTsoXZS1D5nTWELzKSU8KHUDxJD5f9vs4CA:1vRDXQ:tmzfgAQjdzFSqvfORjGOjO2YfvOo1DOLYRIVl4LtHbA", "expire_date": "2025-12-18T17:54:44.629Z"}}, {"model": "sessions.session", "pk": "iyc7wws0y0bd8v2oknwg2y5ahdgv531j", "fields": {"session_data": ".eJxVjMEOwiAQRP-FsyELrRQ8evcbyNLdlaqBpLQn47_bJj3oZQ7z3sxbRVyXHNfGc5xIXZRRp98u4fjksgN6YLlXPdayzFPSu6IP2vStEr-uh_t3kLHlbS0UMCUKg9ghWDEg4pBZQLotKcE5mCTGOs--ByQ0MKJzgTogAN-rzxcj0zjs:1vSwtL:lRUwikxAEwFUtkh1xG9d5JPOkN3CEWmoPvxIXLMHxvU", "expire_date": "2025-12-23T12:32:31.030Z"}}, {"model": "sessions.session", "pk": "ln6gnlbdgwx6vaw9x72yjrqs3zh9ye1v", "fields": {"session_data": ".eJxVjMsOgjAQRf9l1qbpkxaW7v0CY8h0phXU0KTAyvjvQsJCt_ece97Q47oM_Tqn2o8MHWg4_W4R6ZmmHfADp3sRVKaljlHsijjoLC6F0-t8uH-BAedheyNln4yKKbDRUoXQUkheB26cROm1yYpz8K7J1reSLDuptM3kyHNkI7coYa3jUqC7goXb5wuC_jx2:1vRGHH:o5zyNARYEbF6fC13OlIaGqI1rztZD2iGEjGg7vPkBoo", "expire_date": "2025-12-18T20:50:15.999Z"}}, {"model": "sessions.session", "pk": "mhh3er0goo66jimsz3m5aexrglfmnpip", "fields": {"session_data": ".eJxVjMsOgjAUBf-la9PwqL2UpXu-wBhyH61FDU1KWRn_XUhY6PbMnHmrEdcSx3XxeZxE9apRp9-NkJ9-3oE8cL4nzWkueSK9K_qgix6S-NflcP8CEZe4vcGI7YIQWOccVqYWYiIgQKgDO9v6jQZBa7hj71yDZzAInrnC0AJtUcacp5JUf719vg37PZY:1vSnxw:Ijo5JjB658BLO9GatYBqE6_upRlN0L_srtHu96x-HFo", "expire_date": "2025-12-23T03:00:40.952Z"}}, {"model": "sessions.session", "pk": "rc00z70pis2meiacvdnwtks8yrt2ra3u", "fields": {"session_data": ".eJxVjMEOwiAQRP-FsyGwtpR49O43kF12kaqBpLQn479Lkx70NjNvZt4q4LbmsDVZwszqoqw6_WaE8SllB_zAcq861rIuM-m9og_a9K2yvK5H9-8gY8t9bSYUL957oZgSCCGjGwx6GLtjRxbOAiwODHWVJJG1ZjLA0Q0yJvX5AhdlORA:1vH1cZ:DQ_EUbOTejqPwVAdAzYARTzZK5W1oKArKlQHqHR4Ux0", "expire_date": "2025-11-20T15:09:55.255Z"}}, {"model": "sessions.session", "pk": "s46ud5t9vntflm4bydx5yetu2x4frjh5", "fields": {"session_data": ".eJxVjMEOwiAQRP-FsyGwtpR49O43kF12kaqBpLQn479Lkx70NjNvZt4q4LbmsDVZwszqoqw6_WaE8SllB_zAcq861rIuM-m9og_a9K2yvK5H9-8gY8t9bSYUL957oZgSCCGjGwx6GLtjRxbOAiwODHWVJJG1ZjLA0Q0yJvX5AhdlORA:1vBxTK:RlRoLoaN14x-Yhcdqp-BQWKMtZmd6jbjN3q3Jl-9LbE", "expire_date": "2025-11-06T15:43:26.511Z"}}, {"model": "catalogo.etiqueta", "pk": 1, "fields": {"nombre": "Mini cuadro", "descripcion": "", "created": "2025-10-23T15:43:47.345Z", "updated": "2025-10-23T15:43:47.345Z"}}, {"model": "catalogo.etiqueta", "pk": 2, "fields": {"nombre": "Cuadro", "descripcion": "", "created": "2025-10-23T15:43:54.081Z", "updated": "2025-10-23T15:43:54.081Z"}}, {"model": "catalogo.etiqueta", "pk": 3, "fields": {"nombre": "Planta", "descripcion": "", "created": "2025-10-23T15:46:46.244Z", "updated": "2025-10-23T15:46:46.244Z"}}, {"model": "catalogo.etiqueta", "pk": 4, "fields": {"nombre": "Blanco y Negro", "descripcion": "", "created": "2025-10-23T15:47:42.380Z", "updated": "2025-10-23T15:47:42.380Z"}}, {"model": "catalogo.etiqueta", "pk": 5, "fields": {"nombre": "Animal", "descripcion": "", "created": "2025-10-23T16:14:21.349Z", "updated": "2025-10-23T16:14:21.349Z"}}, {"model": "catalogo.etiqueta", "pk": 6, "fields": {"nombre": "Abstracto", "descripcion": "", "created": "2025-10-23T16:14:26.154Z", "updated": "2025-10-23T16:14:26.154Z"}}, {"model": "catalogo.etiqueta", "pk": 7, "fields": {"nombre": "Color", "descripcion": "", "created": "2025-10-23T16:14:54.856Z", "updated": "2025-10-23T16:14:54.856Z"}}, {"model": "catalogo.obra", "pk": 1, "fields": {"titulo": "GUIÑA CANELO FLOR DE HUAIRAVO.", "imagen": "obras/lienzo1.PNG", "imagen_url": null, "medio": "Lienzo", "precio": 250000, "estado": "Disponible", "created": "2025-12-09T12:20:06.441Z", "updated": "2025-10-23T15:45:42.445Z", "etiquetas": [2, 4]}}, {"model": "catalogo.obra", "pk": 2, "fields": {"titulo": "Trio de garzas enraizadas", "imagen": "obras/impresion1.PNG", "imagen_url": null, "medio": "Impresiones", "precio": 30000, "estado": "Disponible", "created": "2025-12-11T17:10:10.522Z", "updated": "2025-10-23T15:47:13.817Z", "etiquetas": [3]}}, {"model": "catalogo.obra", "pk": 3, "fields": {"titulo": "Llama camelido imperial.", "imagen": "obras/lienzo2.PNG", "imagen_url": null, "medio": "Lienzo", "precio": 250000, "estado": "Disponible", "created": "2025-12-09T12:20:01.239Z", "updated": "2025-10-23T16:15:22.871Z", "etiquetas": [2, 5, 7]}}, {"model": "catalogo.obra", "pk": 4, "fields": {"titulo": "Garzas ocultas", "imagen": "obras/impresion2.PNG", "imagen_url": null, "medio": "Impresiones", "precio": 30000, "estado": "Disponible", "created": "2025-12-09T12:19:14.238Z", "updated": "2025-10-23T16:16:02.441Z", "etiquetas": [3, 4, 5]}}, {"model": "catalogo.obra", "pk": 5, "fields": {"titulo": "Pudú en flor de garzas", "imagen": "obras/lienzo3.PNG", "imagen_url": null, "medio": "Lienzo", "precio": 250000, "estado": "Disponible", "created": "2025-12-09T12:09:25.202Z", "updated": "2025-10-23T16:39:59.465Z", "etiquetas": [2, 3, 5, 7]}}, {"model": "catalogo.obra", "pk": 6, "fields": {"titulo": "Chagual de pelicano", "imagen": "obras/lienzo4.PNG", "imagen_url": null, "medio": "Mural", "precio": 250000, "estado": "Agotado", "created": "2025-12-09T12:19:14.241Z", "updated": "2025-10-23T16:40:24.365Z", "etiquetas": [2, 3, 5, 7]}}, {"model": "catalogo.obra", "pk": 7, "fields": {"titulo": "Del monte chilco", "imagen": "obras/lienzo5.PNG", "imagen_url": null, "medio": "Mural", "precio": 250000, "estado": "Disponible", "created": "2025-12-09T12:19:48.138Z", "updated": "2025-10-23T16:40:53.279Z", "etiquetas": [2, 5, 7]}}, {"model": "catalogo.publicacion", "pk": 1, "fields": {"descripcion": "La guiña es silenciosa y hermosa que le brota un canelo\r\nque oculta huairavos de amor\r\ncuando el canelo crece significa que la tierra esta buena.\r\n\r\nTamaño: 1 metro x 1 metro . esmalte y tinta acrilica. dibujado\r\na mano con pincel sobre tela y bastidor de madera.", "fuente_de_texto": "base", "obra": 1, "created": "2025-12-09T01:52:11.833Z", "updated": "2025-12-04T03:38:38.230Z"}}, {"model": "catalogo.publicacion", "pk": 2, "fields": {"descripcion": "Dibujo hecho a mano con tinta acrilica y pincel sobre papel de 300g, obra unica.\r\nTamaño : 30x42 cm.", "fuente_de_texto": "base", "obra": 2, "created": "2025-12-11T17:10:10.527Z", "updated": "2025-12-04T03:39:02.168Z"}}, {"model": "catalogo.publicacion", "pk": 3, "fields": {"descripcion": "La llama que le florece la pampa monitoreado por\r\nel cormoran imperdial, siempre a todo\r\nclima su cuerpo es calido.\r\n\r\nTamaño: 1 metro x 1 metro . esmalte y tinta acrilica. dibujado\r\na mano con pincel sobre tela y bastidor de madera.", "fuente_de_texto": "base", "obra": 3, "created": "2025-12-09T01:52:06.283Z", "updated": "2025-12-04T03:39:11.388Z"}}, {"model": "catalogo.publicacion", "pk": 4, "fields": {"descripcion": "Dibujo hecho a mano con tinta acrilica y\r\npincel sobre papel de 300g, obra unica.\r\nTamaño : 30x42 cm.", "fuente_de_texto": "oswald", "obra": 4, "created": "2025-12-09T01:52:31.900Z", "updated": "2025-12-04T03:39:16.754Z"}}, {"model": "catalogo.publicacion", "pk": 5, "fields": {"descripcion": "Desde la ternura del pudú y su concentración\r\nde amor hace florecer hermosas garzas del amor\r\n\r\nTamaño: 1 metro x 1 metro . esmalte y tinta acrilica. dibujado\r\na mano con pincel sobre tela y bastidor de madera.", "fuente_de_texto": "base", "obra": 5, "created": "2025-12-09T01:52:00.716Z", "updated": "2025-12-04T03:39:23.167Z"}}, {"model": "catalogo.publicacion", "pk": 6, "fields": {"descripcion": "El pelicano consciente de la importancia de la vida lleva\r\nal chagual a recorrer las costas para encontrarse con\r\nchaguales.\r\nTamaño: 1 metro x 1 metro . esmalte y tinta acrilica. dibujado\r\na mano con pincel sobre tela y bastidor de madera.", "fuente_de_texto": "base", "obra": 6, "created": "2025-12-09T01:51:37.949Z", "updated": "2025-12-04T03:39:28.136Z"}}, {"model": "catalogo.publicacion", "pk": 7, "fields": {"descripcion": "El monito del monte se posa sobre la raiz caida,\r\nse concentra y desde su fuerza hace crecer un chilco.\r\nTamaño: 1 metro x 1 metro . esmalte y tinta acrilica. dibujado\r\na mano con pincel sobre tela y bastidor de madera.", "fuente_de_texto": "base", "obra": 7, "created": "2025-12-09T01:51:35.814Z", "updated": "2025-12-04T03:39:35.294Z"}}, {"model": "checkout.boletadecompra", "pk": 37, "fields": {"cliente": 1, "direccion": "Direccion1", "monto": 42000, "estado": "Pagado", "metodo_pago": "tarjeta", "proveedor_pago": "", "id_sesion_pago": "", "fecha_creacion": "2025-12-11T15:23:02.173Z", "ult_actualizado": "2025-12-11T15:23:02.182Z", "lista_productos": []}}, {"model": "usuarios.usuario", "pk": 1, "fields": {"username": "cristian_erre", "nombre": "Cristián", "apellidos": "Erre", "direccion": "Direccion1", "cuenta": 2, "created": "2025-12-04T14:46:09.511Z"}}, {"model": "usuarios.usuario", "pk": 2, "fields": {"username": "root", "nombre": "root", "apellidos": "123", "direccion": "Direccion Falsa", "cuenta": 1, "created": "2025-12-04T17:03:31.832Z"}}, {"model": "usuarios.usuario", "pk": 3, "fields": {"username": "holahola", "nombre": "Pedro", "apellidos": "Agustín", "direccion": "Direccion2", "cuenta": 3, "created": "2025-12-04T17:08:54.134Z"}}, {"model": "usuarios.usuario", "pk": 5, "fields": {"username": "usuario3", "nombre": "Usuario", "apellidos": "El Tercero", "direccion": "Direccion 3", "cuenta": 5, "created": "2025-12-04T17:21:04.575Z"}}, {"model": "usuarios.usuario", "pk": 7, "fields": {"username": "admin4", "nombre": "admin", "apellidos": "El Cuarto", "direccion": "Direccion 6", "cuenta": 7, "created": "2025-12-04T19:48:15.840Z"}}, {"model": "usuarios.usuario", "pk": 8, "fields": {"username": "usuario10", "nombre": "usuario", "apellidos": "El Decimo", "direccion": "Direccion 10", "cuenta": 8, "created": "2025-12-04T19:49:43.975Z"}}, {"model": "usuarios.usuario", "pk": 9, "fields": {"username": "usuario11", "nombre": "nombre11", "apellidos": "apel", "direccion": "lidos", "cuenta": 9, "created": "2025-12-09T09:25:04.729Z"}}, {"model": "usuarios.usuario", "pk": 10, "fields": {"username": "elperrito", "nombre": "Diego", "apellidos": "Diego", "direccion": "Uno Dos Tres", "cuenta": 10, "created": "2025-12-09T12:32:10.473Z"}}, {"model": "usuarios.usuario", "pk": 11, "fields": {"username": "Sebax", "nombre": "Seba", "apellidos": "Rique", "direccion": "12345", "cuenta": 11, "created": "2025-12-11T01:52:00.357Z"}}, {"model": "usuarios.usuario", "pk": 12, "fields": {"username": "Usuario17", "nombre": "Pedrito", "apellidos": "Apellido", "direccion": "Dirección 65", "cuenta": 12, "created": "2025-12-11T03:34:18.105Z"}}, {"model": "usuarios.usuario", "pk": 13, "fields": {"username": "usuario23", "nombre": "Rodrigo", "apellidos": "Perez", "direccion": "Dirección 23", "cuenta": 13, "created": "2025-12-11T03:36:21.780Z"}}]